"ModuleName","ResolvedCommandName","DisplayName","Synopsis","Namespace","CommandType"
"pipescript","Export-Pipescript","bps -> Export-Pipescript","","pipescript","Alias"
"pipescript","Export-Pipescript","Build-PipeScript","","pipescript\Build","Alias"
"pipescript","Export-Pipescript","eps -> Export-Pipescript","","pipescript","Alias"
"pipescript","Import-PipeScript",".< -> Import-PipeScript","","pipescript","Alias"
"pipescript","Import-PipeScript","imps -> Import-PipeScript","","pipescript","Alias"
"pipescript","Invoke-PipeScript",".> -> Invoke-PipeScript","","pipescript","Alias"
"pipescript","Invoke-PipeScript","ips -> Invoke-PipeScript","","pipescript","Alias"
"pipescript","Join-PipeScript","Join-ScriptBlock","","pipescript\Join","Alias"
"pipescript","Join-PipeScript","jps -> Join-PipeScript","","pipescript","Alias"
"pipescript","New-PipeScript","New-ScriptBlock","","pipescript\New","Alias"
"pipescript","Search-PipeScript","Search-ScriptBlock","","pipescript\Search","Alias"
"pipescript","Update-PipeScript","Update-ScriptBlock","","pipescript\Update","Alias"
"pipescript","Update-PipeScript","ups -> Update-PipeScript","","pipescript","Alias"
"pipescript","Use-PipeScript",".<ADA.Template> -> Use-PipeScript","","pipescript\.<ADA.Template","Alias"
"pipescript","Use-PipeScript",".<Aliases> -> Use-PipeScript","","pipescript\.<Aliases","Alias"
"pipescript","Use-PipeScript",".<All> -> Use-PipeScript","","pipescript\.<All","Alias"
"pipescript","Use-PipeScript",".<Arduino.Template> -> Use-PipeScript","","pipescript\.<Arduino.Template","Alias"
"pipescript","Use-PipeScript",".<Assert> -> Use-PipeScript","","pipescript\.<Assert","Alias"
"pipescript","Use-PipeScript",".<ATOM.Template> -> Use-PipeScript","","pipescript\.<ATOM.Template","Alias"
"pipescript","Use-PipeScript",".<Await> -> Use-PipeScript","","pipescript\.<Await","Alias"
"pipescript","Use-PipeScript",".<Bash.Template> -> Use-PipeScript","","pipescript\.<Bash.Template","Alias"
"pipescript","Use-PipeScript",".<Bash> -> Use-PipeScript","","pipescript\.<Bash","Alias"
"pipescript","Use-PipeScript",".<Basic.Template> -> Use-PipeScript","","pipescript\.<Basic.Template","Alias"
"pipescript","Use-PipeScript",".<Batch.Template> -> Use-PipeScript","","pipescript\.<Batch.Template","Alias"
"pipescript","Use-PipeScript",".<Batch> -> Use-PipeScript","","pipescript\.<Batch","Alias"
"pipescript","Use-PipeScript",".<BatchPowerShell> -> Use-PipeScript","","pipescript\.<BatchPowerShell","Alias"
"pipescript","Use-PipeScript",".<Bicep.Template> -> Use-PipeScript","","pipescript\.<Bicep.Template","Alias"
"pipescript","Use-PipeScript",".<ConditionalKeyword> -> Use-PipeScript","","pipescript\.<ConditionalKeyword","Alias"
"pipescript","Use-PipeScript",".<CPlusPlus.Template> -> Use-PipeScript","","pipescript\.<CPlusPlus.Template","Alias"
"pipescript","Use-PipeScript",".<CSharp.Template> -> Use-PipeScript","","pipescript\.<CSharp.Template","Alias"
"pipescript","Use-PipeScript",".<CSS.Template> -> Use-PipeScript","","pipescript\.<CSS.Template","Alias"
"pipescript","Use-PipeScript",".<Dart.Template> -> Use-PipeScript","","pipescript\.<Dart.Template","Alias"
"pipescript","Use-PipeScript",".<Decorate> -> Use-PipeScript","","pipescript\.<Decorate","Alias"
"pipescript","Use-PipeScript",".<Define> -> Use-PipeScript","","pipescript\.<Define","Alias"
"pipescript","Use-PipeScript",".<Dot> -> Use-PipeScript","","pipescript\.<Dot","Alias"
"pipescript","Use-PipeScript",".<EqualityComparison> -> Use-PipeScript","","pipescript\.<EqualityComparison","Alias"
"pipescript","Use-PipeScript",".<EqualityTypeComparison> -> Use-PipeScript","","pipescript\.<EqualityTypeComparison","Alias"
"pipescript","Use-PipeScript",".<Explicit> -> Use-PipeScript","","pipescript\.<Explicit","Alias"
"pipescript","Use-PipeScript",".<Go.Template> -> Use-PipeScript","","pipescript\.<Go.Template","Alias"
"pipescript","Use-PipeScript",".<HAXE.Template> -> Use-PipeScript","","pipescript\.<HAXE.Template","Alias"
"pipescript","Use-PipeScript",".<HCL.Template> -> Use-PipeScript","","pipescript\.<HCL.Template","Alias"
"pipescript","Use-PipeScript",".<Help> -> Use-PipeScript","","pipescript\.<Help","Alias"
"pipescript","Use-PipeScript",".<HLSL.Template> -> Use-PipeScript","","pipescript\.<HLSL.Template","Alias"
"pipescript","Use-PipeScript",".<HTML.Template> -> Use-PipeScript","","pipescript\.<HTML.Template","Alias"
"pipescript","Use-PipeScript",".<Http.Protocol> -> Use-PipeScript","","pipescript\.<Http.Protocol","Alias"
"pipescript","Use-PipeScript",".<Include> -> Use-PipeScript","","pipescript\.<Include","Alias"
"pipescript","Use-PipeScript",".<Inherit> -> Use-PipeScript","","pipescript\.<Inherit","Alias"
"pipescript","Use-PipeScript",".<Java.Template> -> Use-PipeScript","","pipescript\.<Java.Template","Alias"
"pipescript","Use-PipeScript",".<JavaScript.Template> -> Use-PipeScript","","pipescript\.<JavaScript.Template","Alias"
"pipescript","Use-PipeScript",".<Json.Template> -> Use-PipeScript","","pipescript\.<Json.Template","Alias"
"pipescript","Use-PipeScript",".<JSONSchema.Protocol> -> Use-PipeScript","","pipescript\.<JSONSchema.Protocol","Alias"
"pipescript","Use-PipeScript",".<Kotlin.Template> -> Use-PipeScript","","pipescript\.<Kotlin.Template","Alias"
"pipescript","Use-PipeScript",".<Latex.Template> -> Use-PipeScript","","pipescript\.<Latex.Template","Alias"
"pipescript","Use-PipeScript",".<LUA.Template> -> Use-PipeScript","","pipescript\.<LUA.Template","Alias"
"pipescript","Use-PipeScript",".<Markdown.Template> -> Use-PipeScript","","pipescript\.<Markdown.Template","Alias"
"pipescript","Use-PipeScript",".<ModuleExports> -> Use-PipeScript","","pipescript\.<ModuleExports","Alias"
"pipescript","Use-PipeScript",".<ModuleRelationship> -> Use-PipeScript","","pipescript\.<ModuleRelationship","Alias"
"pipescript","Use-PipeScript",".<NamespacedAlias> -> Use-PipeScript","","pipescript\.<NamespacedAlias","Alias"
"pipescript","Use-PipeScript",".<NamespacedFunction> -> Use-PipeScript","","pipescript\.<NamespacedFunction","Alias"
"pipescript","Use-PipeScript",".<New> -> Use-PipeScript","","pipescript\.<New","Alias"
"pipescript","Use-PipeScript",".<ObjectiveC.Template> -> Use-PipeScript","","pipescript\.<ObjectiveC.Template","Alias"
"pipescript","Use-PipeScript",".<OpenSCAD.Template> -> Use-PipeScript","","pipescript\.<OpenSCAD.Template","Alias"
"pipescript","Use-PipeScript",".<OutputFile> -> Use-PipeScript","","pipescript\.<OutputFile","Alias"
"pipescript","Use-PipeScript",".<Perl.Template> -> Use-PipeScript","","pipescript\.<Perl.Template","Alias"
"pipescript","Use-PipeScript",".<PHP.Template> -> Use-PipeScript","","pipescript\.<PHP.Template","Alias"
"pipescript","Use-PipeScript",".<PipedAssignment> -> Use-PipeScript","","pipescript\.<PipedAssignment","Alias"
"pipescript","Use-PipeScript",".<PipeScript.AttributedExpression> -> Use-PipeScript","","pipescript\.<PipeScript.AttributedExpression","Alias"
"pipescript","Use-PipeScript",".<Pipescript.FunctionDefinition> -> Use-PipeScript","","pipescript\.<Pipescript.FunctionDefinition","Alias"
"pipescript","Use-PipeScript",".<PipeScript.ParameterAttribute> -> Use-PipeScript","","pipescript\.<PipeScript.ParameterAttribute","Alias"
"pipescript","Use-PipeScript",".<PipeScript.Protocol> -> Use-PipeScript","","pipescript\.<PipeScript.Protocol","Alias"
"pipescript","Use-PipeScript",".<PipeScript.Template> -> Use-PipeScript","","pipescript\.<PipeScript.Template","Alias"
"pipescript","Use-PipeScript",".<PipeScript.TypeConstraint> -> Use-PipeScript","","pipescript\.<PipeScript.TypeConstraint","Alias"
"pipescript","Use-PipeScript",".<PipeScript.TypeExpression> -> Use-PipeScript","","pipescript\.<PipeScript.TypeExpression","Alias"
"pipescript","Use-PipeScript",".<Pipescript> -> Use-PipeScript","","pipescript\.<Pipescript","Alias"
"pipescript","Use-PipeScript",".<ProxyCommand> -> Use-PipeScript","","pipescript\.<ProxyCommand","Alias"
"pipescript","Use-PipeScript",".<PSD1.Template> -> Use-PipeScript","","pipescript\.<PSD1.Template","Alias"
"pipescript","Use-PipeScript",".<Python.Template> -> Use-PipeScript","","pipescript\.<Python.Template","Alias"
"pipescript","Use-PipeScript",".<R.Template> -> Use-PipeScript","","pipescript\.<R.Template","Alias"
"pipescript","Use-PipeScript",".<Racket.Template> -> Use-PipeScript","","pipescript\.<Racket.Template","Alias"
"pipescript","Use-PipeScript",".<Razor.Template> -> Use-PipeScript","","pipescript\.<Razor.Template","Alias"
"pipescript","Use-PipeScript",".<RegexLiteral> -> Use-PipeScript","","pipescript\.<RegexLiteral","Alias"
"pipescript","Use-PipeScript",".<RemoveParameter> -> Use-PipeScript","","pipescript\.<RemoveParameter","Alias"
"pipescript","Use-PipeScript",".<RenameVariable> -> Use-PipeScript","","pipescript\.<RenameVariable","Alias"
"pipescript","Use-PipeScript",".<Requires> -> Use-PipeScript","","pipescript\.<Requires","Alias"
"pipescript","Use-PipeScript",".<Rest> -> Use-PipeScript","","pipescript\.<Rest","Alias"
"pipescript","Use-PipeScript",".<RSS.Template> -> Use-PipeScript","","pipescript\.<RSS.Template","Alias"
"pipescript","Use-PipeScript",".<Ruby.Template> -> Use-PipeScript","","pipescript\.<Ruby.Template","Alias"
"pipescript","Use-PipeScript",".<Rust.Template> -> Use-PipeScript","","pipescript\.<Rust.Template","Alias"
"pipescript","Use-PipeScript",".<Scala.Template> -> Use-PipeScript","","pipescript\.<Scala.Template","Alias"
"pipescript","Use-PipeScript",".<SQL.Template> -> Use-PipeScript","","pipescript\.<SQL.Template","Alias"
"pipescript","Use-PipeScript",".<TCL.Template> -> Use-PipeScript","","pipescript\.<TCL.Template","Alias"
"pipescript","Use-PipeScript",".<TOML.Template> -> Use-PipeScript","","pipescript\.<TOML.Template","Alias"
"pipescript","Use-PipeScript",".<TypeScript.Template> -> Use-PipeScript","","pipescript\.<TypeScript.Template","Alias"
"pipescript","Use-PipeScript",".<UDP.Protocol> -> Use-PipeScript","","pipescript\.<UDP.Protocol","Alias"
"pipescript","Use-PipeScript",".<Until> -> Use-PipeScript","","pipescript\.<Until","Alias"
"pipescript","Use-PipeScript",".<ValidateExtension> -> Use-PipeScript","","pipescript\.<ValidateExtension","Alias"
"pipescript","Use-PipeScript",".<ValidatePlatform> -> Use-PipeScript","","pipescript\.<ValidatePlatform","Alias"
"pipescript","Use-PipeScript",".<ValidatePropertyName> -> Use-PipeScript","","pipescript\.<ValidatePropertyName","Alias"
"pipescript","Use-PipeScript",".<ValidateScriptBlock> -> Use-PipeScript","","pipescript\.<ValidateScriptBlock","Alias"
"pipescript","Use-PipeScript",".<ValidateTypes> -> Use-PipeScript","","pipescript\.<ValidateTypes","Alias"
"pipescript","Use-PipeScript",".<VBN> -> Use-PipeScript","","pipescript\.<VBN","Alias"
"pipescript","Use-PipeScript",".<VFP> -> Use-PipeScript","","pipescript\.<VFP","Alias"
"pipescript","Use-PipeScript",".<WebAssembly.Template> -> Use-PipeScript","","pipescript\.<WebAssembly.Template","Alias"
"pipescript","Use-PipeScript",".<XML.Template> -> Use-PipeScript","","pipescript\.<XML.Template","Alias"
"pipescript","Use-PipeScript",".<YAML.Template> -> Use-PipeScript","","pipescript\.<YAML.Template","Alias"
"pipescript","Use-PipeScript",".>ADA.Template -> Use-PipeScript","","pipescript\.>ADA","Alias"
"pipescript","Use-PipeScript",".>Aliases -> Use-PipeScript","","pipescript","Alias"
"pipescript","Use-PipeScript",".>All -> Use-PipeScript","","pipescript","Alias"
"pipescript","Use-PipeScript",".>Arduino.Template -> Use-PipeScript","","pipescript\.>Arduino","Alias"
"pipescript","Use-PipeScript",".>Assert -> Use-PipeScript","","pipescript","Alias"
"pipescript","Use-PipeScript",".>ATOM.Template -> Use-PipeScript","","pipescript\.>ATOM","Alias"
"pipescript","Use-PipeScript",".>Await -> Use-PipeScript","","pipescript","Alias"
"pipescript","Use-PipeScript",".>Bash -> Use-PipeScript","","pipescript","Alias"
"pipescript","Use-PipeScript",".>Bash.Template -> Use-PipeScript","","pipescript\.>Bash","Alias"
"pipescript","Use-PipeScript",".>Basic.Template -> Use-PipeScript","","pipescript\.>Basic","Alias"
"pipescript","Use-PipeScript",".>Batch -> Use-PipeScript","","pipescript","Alias"
"pipescript","Use-PipeScript",".>Batch.Template -> Use-PipeScript","","pipescript\.>Batch","Alias"
"pipescript","Use-PipeScript",".>BatchPowerShell -> Use-PipeScript","","pipescript","Alias"
"pipescript","Use-PipeScript",".>Bicep.Template -> Use-PipeScript","","pipescript\.>Bicep","Alias"
"pipescript","Use-PipeScript",".>ConditionalKeyword -> Use-PipeScript","","pipescript","Alias"
"pipescript","Use-PipeScript",".>CPlusPlus.Template -> Use-PipeScript","","pipescript\.>CPlusPlus","Alias"
"pipescript","Use-PipeScript",".>CSharp.Template -> Use-PipeScript","","pipescript\.>CSharp","Alias"
"pipescript","Use-PipeScript",".>CSS.Template -> Use-PipeScript","","pipescript\.>CSS","Alias"
"pipescript","Use-PipeScript",".>Dart.Template -> Use-PipeScript","","pipescript\.>Dart","Alias"
"pipescript","Use-PipeScript",".>Decorate -> Use-PipeScript","","pipescript","Alias"
"pipescript","Use-PipeScript",".>Define -> Use-PipeScript","","pipescript","Alias"
"pipescript","Use-PipeScript",".>Dot -> Use-PipeScript","","pipescript","Alias"
"pipescript","Use-PipeScript",".>EqualityComparison -> Use-PipeScript","","pipescript","Alias"
"pipescript","Use-PipeScript",".>EqualityTypeComparison -> Use-PipeScript","","pipescript","Alias"
"pipescript","Use-PipeScript",".>Explicit -> Use-PipeScript","","pipescript","Alias"
"pipescript","Use-PipeScript",".>Go.Template -> Use-PipeScript","","pipescript\.>Go","Alias"
"pipescript","Use-PipeScript",".>HAXE.Template -> Use-PipeScript","","pipescript\.>HAXE","Alias"
"pipescript","Use-PipeScript",".>HCL.Template -> Use-PipeScript","","pipescript\.>HCL","Alias"
"pipescript","Use-PipeScript",".>Help -> Use-PipeScript","","pipescript","Alias"
"pipescript","Use-PipeScript",".>HLSL.Template -> Use-PipeScript","","pipescript\.>HLSL","Alias"
"pipescript","Use-PipeScript",".>HTML.Template -> Use-PipeScript","","pipescript\.>HTML","Alias"
"pipescript","Use-PipeScript",".>Http.Protocol -> Use-PipeScript","","pipescript\.>Http","Alias"
"pipescript","Use-PipeScript",".>Include -> Use-PipeScript","","pipescript","Alias"
"pipescript","Use-PipeScript",".>Inherit -> Use-PipeScript","","pipescript","Alias"
"pipescript","Use-PipeScript",".>Java.Template -> Use-PipeScript","","pipescript\.>Java","Alias"
"pipescript","Use-PipeScript",".>JavaScript.Template -> Use-PipeScript","","pipescript\.>JavaScript","Alias"
"pipescript","Use-PipeScript",".>Json.Template -> Use-PipeScript","","pipescript\.>Json","Alias"
"pipescript","Use-PipeScript",".>JSONSchema.Protocol -> Use-PipeScript","","pipescript\.>JSONSchema","Alias"
"pipescript","Use-PipeScript",".>Kotlin.Template -> Use-PipeScript","","pipescript\.>Kotlin","Alias"
"pipescript","Use-PipeScript",".>Latex.Template -> Use-PipeScript","","pipescript\.>Latex","Alias"
"pipescript","Use-PipeScript",".>LUA.Template -> Use-PipeScript","","pipescript\.>LUA","Alias"
"pipescript","Use-PipeScript",".>Markdown.Template -> Use-PipeScript","","pipescript\.>Markdown","Alias"
"pipescript","Use-PipeScript",".>ModuleExports -> Use-PipeScript","","pipescript","Alias"
"pipescript","Use-PipeScript",".>ModuleRelationship -> Use-PipeScript","","pipescript","Alias"
"pipescript","Use-PipeScript",".>NamespacedAlias -> Use-PipeScript","","pipescript","Alias"
"pipescript","Use-PipeScript",".>NamespacedFunction -> Use-PipeScript","","pipescript","Alias"
"pipescript","Use-PipeScript",".>New -> Use-PipeScript","","pipescript","Alias"
"pipescript","Use-PipeScript",".>ObjectiveC.Template -> Use-PipeScript","","pipescript\.>ObjectiveC","Alias"
"pipescript","Use-PipeScript",".>OpenSCAD.Template -> Use-PipeScript","","pipescript\.>OpenSCAD","Alias"
"pipescript","Use-PipeScript",".>OutputFile -> Use-PipeScript","","pipescript","Alias"
"pipescript","Use-PipeScript",".>Perl.Template -> Use-PipeScript","","pipescript\.>Perl","Alias"
"pipescript","Use-PipeScript",".>PHP.Template -> Use-PipeScript","","pipescript\.>PHP","Alias"
"pipescript","Use-PipeScript",".>PipedAssignment -> Use-PipeScript","","pipescript","Alias"
"pipescript","Use-PipeScript",".>Pipescript -> Use-PipeScript","","pipescript","Alias"
"pipescript","Use-PipeScript",".>PipeScript.AttributedExpression -> Use-PipeScript","","pipescript\.>PipeScript","Alias"
"pipescript","Use-PipeScript",".>Pipescript.FunctionDefinition -> Use-PipeScript","","pipescript\.>Pipescript","Alias"
"pipescript","Use-PipeScript",".>PipeScript.ParameterAttribute -> Use-PipeScript","","pipescript\.>PipeScript","Alias"
"pipescript","Use-PipeScript",".>PipeScript.Protocol -> Use-PipeScript","","pipescript\.>PipeScript","Alias"
"pipescript","Use-PipeScript",".>PipeScript.Template -> Use-PipeScript","","pipescript\.>PipeScript","Alias"
"pipescript","Use-PipeScript",".>PipeScript.TypeConstraint -> Use-PipeScript","","pipescript\.>PipeScript","Alias"
"pipescript","Use-PipeScript",".>PipeScript.TypeExpression -> Use-PipeScript","","pipescript\.>PipeScript","Alias"
"pipescript","Use-PipeScript",".>ProxyCommand -> Use-PipeScript","","pipescript","Alias"
"pipescript","Use-PipeScript",".>PSD1.Template -> Use-PipeScript","","pipescript\.>PSD1","Alias"
"pipescript","Use-PipeScript",".>Python.Template -> Use-PipeScript","","pipescript\.>Python","Alias"
"pipescript","Use-PipeScript",".>R.Template -> Use-PipeScript","","pipescript\.>R","Alias"
"pipescript","Use-PipeScript",".>Racket.Template -> Use-PipeScript","","pipescript\.>Racket","Alias"
"pipescript","Use-PipeScript",".>Razor.Template -> Use-PipeScript","","pipescript\.>Razor","Alias"
"pipescript","Use-PipeScript",".>RegexLiteral -> Use-PipeScript","","pipescript","Alias"
"pipescript","Use-PipeScript",".>RemoveParameter -> Use-PipeScript","","pipescript","Alias"
"pipescript","Use-PipeScript",".>RenameVariable -> Use-PipeScript","","pipescript","Alias"
"pipescript","Use-PipeScript",".>Requires -> Use-PipeScript","","pipescript","Alias"
"pipescript","Use-PipeScript",".>Rest -> Use-PipeScript","","pipescript","Alias"
"pipescript","Use-PipeScript",".>RSS.Template -> Use-PipeScript","","pipescript\.>RSS","Alias"
"pipescript","Use-PipeScript",".>Ruby.Template -> Use-PipeScript","","pipescript\.>Ruby","Alias"
"pipescript","Use-PipeScript",".>Rust.Template -> Use-PipeScript","","pipescript\.>Rust","Alias"
"pipescript","Use-PipeScript",".>Scala.Template -> Use-PipeScript","","pipescript\.>Scala","Alias"
"pipescript","Use-PipeScript",".>SQL.Template -> Use-PipeScript","","pipescript\.>SQL","Alias"
"pipescript","Use-PipeScript",".>TCL.Template -> Use-PipeScript","","pipescript\.>TCL","Alias"
"pipescript","Use-PipeScript",".>TOML.Template -> Use-PipeScript","","pipescript\.>TOML","Alias"
"pipescript","Use-PipeScript",".>TypeScript.Template -> Use-PipeScript","","pipescript\.>TypeScript","Alias"
"pipescript","Use-PipeScript",".>UDP.Protocol -> Use-PipeScript","","pipescript\.>UDP","Alias"
"pipescript","Use-PipeScript",".>Until -> Use-PipeScript","","pipescript","Alias"
"pipescript","Use-PipeScript",".>ValidateExtension -> Use-PipeScript","","pipescript","Alias"
"pipescript","Use-PipeScript",".>ValidatePlatform -> Use-PipeScript","","pipescript","Alias"
"pipescript","Use-PipeScript",".>ValidatePropertyName -> Use-PipeScript","","pipescript","Alias"
"pipescript","Use-PipeScript",".>ValidateScriptBlock -> Use-PipeScript","","pipescript","Alias"
"pipescript","Use-PipeScript",".>ValidateTypes -> Use-PipeScript","","pipescript","Alias"
"pipescript","Use-PipeScript",".>VBN -> Use-PipeScript","","pipescript","Alias"
"pipescript","Use-PipeScript",".>VFP -> Use-PipeScript","","pipescript","Alias"
"pipescript","Use-PipeScript",".>WebAssembly.Template -> Use-PipeScript","","pipescript\.>WebAssembly","Alias"
"pipescript","Use-PipeScript",".>XML.Template -> Use-PipeScript","","pipescript\.>XML","Alias"
"pipescript","Use-PipeScript",".>YAML.Template -> Use-PipeScript","","pipescript\.>YAML","Alias"
"pipescript","Use-PipeScript","All -> Use-PipeScript","","pipescript","Alias"
"pipescript","Use-PipeScript","New -> Use-PipeScript","","pipescript","Alias"
"pipescript","Use-PipeScript","Requires -> Use-PipeScript","","pipescript","Alias"
"pipescript","Use-PipeScript","Until -> Use-PipeScript","","pipescript","Alias"
